{
    "class_0": 0.9994370341300964,
    "class_1": 0.9488328099250793,
    "class_2": 0.32181197702884673,
    "class_3": 0.32181197702884673,
    "class_4": 0.2938351631164551,
    "class_5": 0.75,
    "class_6": 0.951444685459137,
    "class_7": 0.43611308336257937,
    "class_8": 0.951444685459137
}